Strategy,Hypothetical_Decision_Threshold,Net_Benefit,TP,FP
Treat none,0.05,0.0,,
Treat all,0.05,0.48763089304494944,,
Baseline,0.05,0.4889341076409529,7065.0,5925.0
M1-Interactions,0.05,0.48877025317420403,7060.0,5873.0
M2-Mild,0.05,0.48885789626106974,7068.0,6002.0
M2-Balanced,0.05,0.48886932796805216,7071.0,6056.0
M2-High,0.05,0.48902556129681285,7076.0,6110.0
M3-Mild,0.05,0.48904080357278956,7069.0,5973.0
M3-Balanced,0.05,0.48910558324569026,7073.0,6032.0
M3-High,0.05,0.48899507674485954,7077.0,6137.0
Treat none,0.06,0.0,,
Treat all,0.06,0.4821801578645766,,
Baseline,0.06,0.4839532075099667,7048.0,5697.0
M1-Interactions,0.06,0.4836250931967884,7042.0,5674.0
M2-Mild,0.06,0.4841241966590877,7057.0,5801.0
M2-Balanced,0.06,0.48389004935578683,7059.0,5883.0
M2-High,0.06,0.48407490248997165,7065.0,5937.0
M3-Mild,0.06,0.48403485097756505,7055.0,5789.0
M3-Balanced,0.06,0.48389313024135655,7057.0,5851.0
M3-High,0.06,0.4840209869925012,7064.0,5933.0
Treat none,0.07,0.0,,
Treat all,0.07,0.4766122025727978,,
Baseline,0.07,0.4793587623665255,7033.0,5475.0
M1-Interactions,0.07,0.4795331471153337,7033.0,5443.0
M2-Mild,0.07,0.47955338820224896,7046.0,5612.0
M2-Balanced,0.07,0.47912443286031464,7047.0,5704.0
M2-High,0.07,0.47937666794341216,7055.0,5764.0
M3-Mild,0.07,0.4792949250924084,7041.0,5593.0
M3-Balanced,0.07,0.4792427653684345,7046.0,5669.0
M3-High,0.07,0.4790761656530553,7051.0,5766.0
Treat none,0.08,0.0,,
Treat all,0.08,0.4709232047746761,,
Baseline,0.08,0.4747132298316524,7017.0,5293.0
M1-Interactions,0.08,0.47521373978518994,7020.0,5248.0
M2-Mild,0.08,0.47445510520152606,7025.0,5426.0
M2-Balanced,0.08,0.47451176670570017,7035.0,5532.0
M2-High,0.08,0.4747132298316524,7043.0,5592.0
M3-Mild,0.08,0.47516966972638797,7032.0,5393.0
M3-Balanced,0.08,0.47493043226431964,7036.0,5477.0
M3-High,0.08,0.474445661617497,7038.0,5577.0
Treat none,0.09,0.0,,
Treat all,0.09,0.46510917405791424,,
Baseline,0.09,0.4703188499887023,7004.0,5136.0
M1-Interactions,0.09,0.4705758330866932,7003.0,5090.0
M2-Mild,0.09,0.47017723082015,7015.0,5267.0
M2-Balanced,0.09,0.46996718890724104,7021.0,5357.0
M2-High,0.09,0.47031328069555695,7033.0,5430.0
M3-Mild,0.09,0.4704724033568517,7017.0,5246.0
M3-Balanced,0.09,0.4703403315479771,7022.0,5315.0
M3-High,0.09,0.4702607702173297,7030.0,5407.0
Treat none,0.1,0.0,,
Treat all,0.1,0.45916594265855776,,
Baseline,0.1,0.4658348617948965,6988.0,4985.0
M1-Interactions,0.1,0.4660440196930205,6987.0,4950.0
M2-Mild,0.1,0.4658750844676127,7004.0,5124.0
M2-Balanced,0.1,0.46605206422756384,7014.0,5192.0
M2-High,0.1,0.46562570389677255,7017.0,5272.0
M3-Mild,0.1,0.4662531775911446,7004.0,5077.0
M3-Balanced,0.1,0.46600379702030437,7011.0,5171.0
M3-High,0.1,0.46606010876210696,7019.0,5236.0
Treat none,0.11,0.0,,
Treat all,0.11,0.45308915549741796,,
Baseline,0.11,0.4616129273681573,6974.0,4840.0
M1-Interactions,0.11,0.46094016927146886,6961.0,4810.0
M2-Mild,0.11,0.4614014193812903,6989.0,4985.0
M2-Balanced,0.11,0.4612208241001962,6998.0,5078.0
M2-High,0.11,0.46142663764126296,7009.0,5144.0
M3-Mild,0.11,0.46154296703403974,6987.0,4953.0
M3-Balanced,0.11,0.4614681257463792,6994.0,5018.0
M3-High,0.11,0.46129647888011405,7003.0,5110.0
Treat none,0.12,0.0,,
Treat all,0.12,0.4468742595371613,,
Baseline,0.12,0.45733946765658323,6957.0,4695.0
M1-Interactions,0.12,0.4573954137377248,6953.0,4660.0
M2-Mild,0.12,0.457135429007714,6976.0,4855.0
M2-Balanced,0.12,0.45692809941289525,6985.0,4942.0
M2-High,0.12,0.4566648237369349,6992.0,5020.0
M3-Mild,0.12,0.45682608008846065,6966.0,4813.0
M3-Balanced,0.12,0.45678329779111715,6977.0,4898.0
M3-High,0.12,0.45686886238580415,6988.0,4970.0
Treat none,0.13,0.0,,
Treat all,0.13,0.4405164924054046,,
Baseline,0.13,0.4534878882597508,6946.0,4567.0
M1-Interactions,0.13,0.45341465525563307,6942.0,4547.0
M2-Mild,0.13,0.45283544876852044,6960.0,4721.0
M2-Balanced,0.13,0.4528720652705793,6975.0,4818.0
M2-High,0.13,0.4523802390724707,6983.0,4917.0
M3-Mild,0.13,0.45262823265459656,6954.0,4700.0
M3-Balanced,0.13,0.45248343103281835,6965.0,4787.0
M3-High,0.13,0.45227288614597994,6973.0,4860.0
Treat none,0.14,0.0,,
Treat all,0.14,0.43401087022407203,,
Baseline,0.14,0.4492739714033634,6928.0,4439.0
M1-Interactions,0.14,0.4492941762808209,6926.0,4425.0
M2-Mild,0.14,0.4484523063867618,6944.0,4607.0
M2-Balanced,0.14,0.44865603890112404,6960.0,4688.0
M2-High,0.14,0.44839842671354196,6975.0,4802.0
M3-Mild,0.14,0.4487957893035379,6945.0,4584.0
M3-Balanced,0.14,0.4481778568012985,6949.0,4661.0
M3-High,0.14,0.4479219283535046,6958.0,4738.0
Treat none,0.15,0.0,,
Treat all,0.15,0.42735217457964936,,
Baseline,0.15,0.44501371356535663,6911.0,4332.0
M1-Interactions,0.15,0.4446644861245975,6906.0,4331.0
M2-Mild,0.15,0.44416619819083153,6930.0,4506.0
M2-Balanced,0.15,0.44410231512239995,6942.0,4579.0
M2-High,0.15,0.4440426909251971,6959.0,4680.0
M3-Mild,0.15,0.4448902062997223,6934.0,4472.0
M3-Balanced,0.15,0.4439021481746478,6935.0,4555.0
M3-High,0.15,0.44410231512239995,6948.0,4613.0
Treat none,0.16,0.0,,
Treat all,0.16,0.42053493856274043,,
Baseline,0.16,0.44015900597134305,6885.0,4229.0
M1-Interactions,0.16,0.44023140678223216,6886.0,4229.0
M2-Mild,0.16,0.440203825520941,6918.0,4399.0
M2-Balanced,0.16,0.44005557624150154,6931.0,4478.0
M2-High,0.16,0.43964185732213534,6943.0,4571.0
M3-Mild,0.16,0.4404520568725607,6918.0,4381.0
M3-Balanced,0.16,0.44014521534069756,6925.0,4440.0
M3-High,0.16,0.43991077461972333,6937.0,4520.0
Treat none,0.17,0.0,,
Treat all,0.17,0.4135534317984361,,
Baseline,0.17,0.4354760484160796,6865.0,4151.0
M1-Interactions,0.17,0.4357857145349425,6866.0,4135.0
M2-Mild,0.17,0.4356627203863237,6894.0,4280.0
M2-Balanced,0.17,0.4360971252516583,6917.0,4363.0
M2-High,0.17,0.4350207083765122,6922.0,4460.0
M3-Mild,0.17,0.4364870428717476,6906.0,4283.0
M3-Balanced,0.17,0.4356662095820292,6909.0,4353.0
M3-High,0.17,0.43535392656638716,6918.0,4418.0
Treat none,0.18,0.0,,
Treat all,0.18,0.4064016443813439,,
Baseline,0.18,0.431113277249193,6844.0,4052.0
M1-Interactions,0.18,0.43206155128449636,6856.0,4047.0
M2-Mild,0.18,0.4307706978025471,6870.0,4192.0
M2-Balanced,0.18,0.4313675630240229,6898.0,4282.0
M2-High,0.18,0.4308201422587641,6908.0,4362.0
M3-Mild,0.18,0.4319043885486639,6885.0,4189.0
M3-Balanced,0.18,0.4310267494508134,6890.0,4267.0
M3-High,0.18,0.4312722058584617,6907.0,4329.0
Treat none,0.19,0.0,,
Treat all,0.19,0.39907326962061973,,
Baseline,0.19,0.427032496344206,6828.0,3964.0
M1-Interactions,0.19,0.42725327412555913,6828.0,3951.0
M2-Mild,0.19,0.4261118440575917,6850.0,4112.0
M2-Balanced,0.19,0.4263674814886322,6873.0,4195.0
M2-High,0.19,0.4266016668275574,6895.0,4275.0
M3-Mild,0.19,0.4270271333211772,6861.0,4105.0
M3-Balanced,0.19,0.4266517217091597,6872.0,4174.0
M3-High,0.19,0.4269154036747434,6893.0,4248.0
Treat none,0.2,0.0,,
Treat all,0.2,0.39156168549087744,,
Baseline,0.2,0.4227845351867941,6810.0,3882.0
M1-Interactions,0.2,0.42320083984940626,6813.0,3871.0
M2-Mild,0.2,0.42169852302345784,6832.0,4030.0
M2-Balanced,0.2,0.42189762525340285,6856.0,4115.0
M2-High,0.2,0.4217347234289024,6870.0,4180.0
M3-Mild,0.2,0.42263973356501594,6842.0,4018.0
M3-Balanced,0.2,0.42225962930784827,6854.0,4087.0
M3-High,0.2,0.42229582971329277,6876.0,4173.0
Treat none,0.21,0.0,,
Treat all,0.21,0.38385993467430635,,
Baseline,0.21,0.4181870836953374,6784.0,3792.0
M1-Interactions,0.21,0.4177682587513335,6783.0,3810.0
M2-Mild,0.21,0.416835296403421,6806.0,3945.0
M2-Balanced,0.21,0.41703966831263956,6837.0,4051.0
M2-High,0.21,0.41701400726574217,6851.0,4105.0
M3-Mild,0.21,0.41821091181031356,6825.0,3945.0
M3-Balanced,0.21,0.4176408699828071,6836.0,4016.0
M3-High,0.21,0.41775176236404227,6858.0,4093.0
Treat none,0.22,0.0,,
Treat all,0.22,0.3759607030675666,,
Baseline,0.22,0.4129760817423719,6751.0,3712.0
M1-Interactions,0.22,0.4130763290189876,6760.0,3739.0
M2-Mild,0.22,0.41269761708510627,6792.0,3871.0
M2-Balanced,0.22,0.41280343365486716,6818.0,3958.0
M2-High,0.22,0.41286283944841723,6838.0,4026.0
M3-Mild,0.22,0.4140286781468363,6807.0,3859.0
M3-Balanced,0.22,0.41366481766134244,6822.0,3930.0
M3-High,0.22,0.41287026517261094,6835.0,4015.0
Treat none,0.23,0.0,,
Treat all,0.23,0.3678562966138987,,
Baseline,0.23,0.40873172584727757,6727.0,3621.0
M1-Interactions,0.23,0.4088652442258003,6739.0,3655.0
M2-Mild,0.23,0.40874677017161815,6775.0,3781.0
M2-Balanced,0.23,0.4084007507117846,6798.0,3874.0
M2-High,0.23,0.408002076116759,6814.0,3946.0
M3-Mild,0.23,0.40905988017195666,6785.0,3800.0
M3-Balanced,0.23,0.4089639726042854,6801.0,3858.0
M3-High,0.23,0.40834903584686383,6817.0,3940.0
Treat none,0.24,0.0,,
Treat all,0.24,0.35953861630618683,,
Baseline,0.24,0.4037755117594159,6698.0,3550.0
M1-Interactions,0.24,0.404129894675873,6713.0,3582.0
M2-Mild,0.24,0.40409178898593134,6751.0,3704.0
M2-Balanced,0.24,0.4041032206929139,6778.0,3789.0
M2-High,0.24,0.4034782873778713,6794.0,3867.0
M3-Mild,0.24,0.40489962961269377,6765.0,3713.0
M3-Balanced,0.24,0.404389013367476,6781.0,3786.0
M3-High,0.24,0.40425564345268034,6806.0,3871.0
Treat none,0.25,0.0,,
Treat all,0.25,0.3509991311902693,,
Baseline,0.25,0.39950767448595426,6674.0,3468.0
M1-Interactions,0.25,0.4000386137658075,6697.0,3515.0
M2-Mild,0.25,0.3995559416932136,6729.0,3631.0
M2-Balanced,0.25,0.39989381214402936,6761.0,3713.0
M2-High,0.25,0.39914567043150884,6779.0,3798.0
M3-Mild,0.25,0.3992663384496573,6730.0,3646.0
M3-Balanced,0.25,0.39991794574765904,6762.0,3715.0
M3-High,0.25,0.39999034655854815,6787.0,3787.0
Treat none,0.26,0.0,,
Treat all,0.26,0.34222884917932694,,
Baseline,0.26,0.3950246945468492,6657.0,3418.0
M1-Interactions,0.26,0.3949738183013596,6670.0,3457.0
M2-Mild,0.26,0.39410892212803594,6696.0,3565.0
M2-Balanced,0.26,0.3947683565407284,6729.0,3633.0
M2-High,0.26,0.39477814043409176,6759.0,3718.0
M3-Mild,0.26,0.39491902849852456,6710.0,3573.0
M3-Balanced,0.26,0.3945707218947879,6734.0,3655.0
M3-High,0.26,0.3949112013838339,6764.0,3727.0
Treat none,0.27,0.0,,
Treat all,0.27,0.33321828546945476,,
Baseline,0.27,0.3901461504588029,6627.0,3348.0
M1-Interactions,0.27,0.39056270306939767,6642.0,3373.0
M2-Mild,0.27,0.38970877021767847,6672.0,3486.0
M2-Balanced,0.27,0.3897385239755781,6702.0,3566.0
M2-High,0.27,0.38992398906648573,6736.0,3651.0
M3-Mild,0.27,0.3898922517247262,6686.0,3517.0
M3-Balanced,0.27,0.38925948847339414,6705.0,3592.0
M3-High,0.27,0.3895758700990602,6736.0,3664.0
Treat none,0.28,0.0,,
Treat all,0.28,0.3239574283231972,,
Baseline,0.28,0.3854096276989413,6600.0,3283.0
M1-Interactions,0.28,0.3855544293207195,6616.0,3319.0
M2-Mild,0.28,0.38527689287897804,6653.0,3424.0
M2-Balanced,0.28,0.38497924510087844,6680.0,3504.0
M2-High,0.28,0.38497924510087844,6708.0,3576.0
M3-Mild,0.28,0.3854739839752872,6667.0,3453.0
M3-Balanced,0.28,0.38393747787752996,6673.0,3523.0
M3-High,0.28,0.3852085143353605,6717.0,3591.0
Treat none,0.29,0.0,,
Treat all,0.29,0.31443570196155207,,
Baseline,0.29,0.380306163654385,6568.0,3220.0
M1-Interactions,0.29,0.3810250731146217,6591.0,3252.0
M2-Mild,0.29,0.38025721662730505,6629.0,3371.0
M2-Balanced,0.29,0.380148105546106,6652.0,3431.0
M2-High,0.29,0.3797208387888874,6680.0,3514.0
M3-Mild,0.29,0.38065899014125293,6637.0,3377.0
M3-Balanced,0.29,0.37946488662644856,6654.0,3459.0
M3-High,0.29,0.3792446250045888,6682.0,3535.0
Treat none,0.3,0.0,,
Treat all,0.3,0.3046419262752885,,
Baseline,0.3,0.37536717554093746,6544.0,3172.0
M1-Interactions,0.3,0.3759153531090977,6561.0,3194.0
M2-Mild,0.3,0.3755119771627156,6606.0,3312.0
M2-Balanced,0.3,0.37566712175747796,6630.0,3363.0
M2-High,0.3,0.37460179554011,6650.0,3444.0
M3-Mild,0.3,0.37621529932563813,6614.0,3308.0
M3-Balanced,0.3,0.3751292871623019,6632.0,3385.0
M3-High,0.3,0.37427082040461707,6657.0,3471.0
Treat none,0.31,0.0,,
Treat all,0.31,0.2945642730329014,,
Baseline,0.31,0.37043087926063034,6506.0,3093.0
M1-Interactions,0.31,0.3710121843219717,6532.0,3133.0
M2-Mild,0.31,0.37128919612015593,6583.0,3238.0
M2-Balanced,0.31,0.3703658234595416,6599.0,3302.0
M2-High,0.31,0.3698013069920296,6624.0,3375.0
M3-Mild,0.31,0.3715357785920245,6590.0,3246.0
M3-Balanced,0.31,0.37066382100001255,6613.0,3324.0
M3-High,0.31,0.3692168540693453,6633.0,3413.0
Treat none,0.32,0.0,,
Treat all,0.32,0.2841902182245617,,
Baseline,0.32,0.364938416722032,6473.0,3044.0
M1-Interactions,0.32,0.3662799611590944,6500.0,3062.0
M2-Mild,0.32,0.36578167322532834,6551.0,3185.0
M2-Balanced,0.32,0.365713531285668,6575.0,3238.0
M2-High,0.32,0.3650661828588951,6607.0,3325.0
M3-Mild,0.32,0.36578593209655713,6560.0,3204.0
M3-Balanced,0.32,0.36597332243062297,6596.0,3275.0
M3-High,0.32,0.3644401287882659,6612.0,3354.0
Treat none,0.33,0.0,,
Treat all,0.33,0.27350649013836115,,
Baseline,0.33,0.3590928934821981,6431.0,2987.0
M1-Interactions,0.33,0.3605819728464541,6456.0,2996.0
M2-Mild,0.33,0.3597509844349062,6512.0,3133.0
M2-Balanced,0.33,0.360821868070594,6546.0,3172.0
M2-High,0.33,0.3594927188557646,6570.0,3258.0
M3-Mild,0.33,0.36004491011493356,6520.0,3141.0
M3-Balanced,0.33,0.36073974177764523,6569.0,3221.0
M3-High,0.33,0.35972396920696253,6586.0,3284.0
Treat none,0.34,0.0,,
Treat all,0.34,0.26249901271621506,,
Baseline,0.34,0.35466743894198277,6406.0,2926.0
M1-Interactions,0.34,0.35563278308717056,6425.0,2937.0
M2-Mild,0.34,0.35400486182414936,6470.0,3068.0
M2-Balanced,0.34,0.3554287444383013,6518.0,3123.0
M2-High,0.34,0.35524883939306173,6549.0,3188.0
M3-Mild,0.34,0.3548890293025827,6492.0,3087.0
M3-Balanced,0.34,0.35470034840147785,6527.0,3160.0
M3-High,0.34,0.355139141194745,6565.0,3222.0
Treat none,0.35,0.0,,
Treat all,0.35,0.25115284368108,,
Baseline,0.35,0.34971262447370177,6367.0,2854.0
M1-Interactions,0.35,0.3503920782374301,6385.0,2870.0
M2-Mild,0.35,0.34887166120875934,6434.0,3000.0
M2-Balanced,0.35,0.3496235157833768,6481.0,3068.0
M2-High,0.35,0.34957896143821426,6517.0,3136.0
M3-Mild,0.35,0.3495344070930517,6462.0,3035.0
M3-Balanced,0.35,0.34997995054467684,6501.0,3096.0
M3-High,0.35,0.3503865089442848,6540.0,3158.0
Treat none,0.36,0.0,,
Treat all,0.36,0.23945210686359686,,
Baseline,0.36,0.3446323848827107,6330.0,2791.0
M1-Interactions,0.36,0.3455373950188242,6356.0,2815.0
M2-Mild,0.36,0.34350564726324934,6396.0,2936.0
M2-Balanced,0.36,0.3442115551694179,6444.0,3004.0
M2-High,0.36,0.34413462930784827,6484.0,3077.0
M3-Mild,0.36,0.34541069359976834,6433.0,2955.0
M3-Balanced,0.36,0.34525684187662903,6468.0,3021.0
M3-High,0.36,0.3450758398494063,6515.0,3109.0
Treat none,0.37,0.0,,
Treat all,0.37,0.22737991808365393,,
Baseline,0.37,0.33867950114692075,6280.0,2728.0
M1-Interactions,0.37,0.3404872229807069,6322.0,2757.0
M2-Mild,0.37,0.3391437857119873,6361.0,2855.0
M2-Balanced,0.37,0.33846804481035586,6401.0,2939.0
M2-High,0.37,0.338358868984412,6450.0,3025.0
M3-Mild,0.37,0.33959313042718775,6386.0,2887.0
M3-Balanced,0.37,0.33990456883593284,6432.0,2958.0
M3-High,0.37,0.3391311443005622,6473.0,3046.0
Treat none,0.38,0.0,,
Treat all,0.38,0.21491830385919675,,
Baseline,0.38,0.3346739160897957,6251.0,2657.0
M1-Interactions,0.38,0.33522509645656423,6277.0,2687.0
M2-Mild,0.38,0.3343679642760386,6324.0,2783.0
M2-Balanced,0.38,0.33298767784908867,6365.0,2881.0
M2-High,0.38,0.33291761254822827,6410.0,2956.0
M3-Mild,0.38,0.33429089244509214,6345.0,2819.0
M3-Balanced,0.38,0.33486075689209005,6397.0,2891.0
M3-High,0.38,0.332744784806106,6426.0,2986.0
Treat none,0.39,0.0,,
Treat all,0.39,0.20204811211918355,,
Baseline,0.39,0.32936671841544296,6200.0,2582.0
M1-Interactions,0.39,0.33048358994079746,6241.0,2622.0
M2-Mild,0.39,0.33037202147811595,6297.0,2712.0
M2-Balanced,0.39,0.32905219030256416,6328.0,2789.0
M2-High,0.39,0.3289085755793252,6381.0,2875.0
M3-Mild,0.39,0.32992218693177233,6317.0,2753.0
M3-Balanced,0.39,0.3294509882117237,6361.0,2832.0
M3-High,0.39,0.3272801507835904,6386.0,2918.0
Treat none,0.4,0.0,,
Treat all,0.4,0.1887489139878366,,
Baseline,0.4,0.32522444251375615,6166.0,2511.0
M1-Interactions,0.4,0.32599671782990636,6198.0,2543.0
M2-Mild,0.4,0.3258036490008688,6264.0,2646.0
M2-Balanced,0.4,0.3238005598996042,6283.0,2716.0
M2-High,0.4,0.3235109566560479,6329.0,2791.0
M3-Mild,0.4,0.323583357466937,6268.0,2698.0
M3-Balanced,0.4,0.32428323197219805,6319.0,2760.0
M3-High,0.4,0.32271454773626795,6350.0,2839.0
Treat none,0.41,0.0,,
Treat all,0.41,0.1749988955808509,,
Baseline,0.41,0.3191795883707118,6118.0,2460.0
M1-Interactions,0.41,0.3205061184820864,6153.0,2484.0
M2-Mild,0.41,0.3199919500115351,6214.0,2582.0
M2-Balanced,0.41,0.3190384681460975,6246.0,2647.0
M2-High,0.41,0.31902006116027826,6293.0,2715.0
M3-Mild,0.41,0.3189930642477433,6228.0,2622.0
M3-Balanced,0.41,0.31823837782915376,6269.0,2696.0
M3-High,0.41,0.31763462869428205,6310.0,2767.0
Treat none,0.42,0.0,,
Treat all,0.42,0.16077473860810693,,
Baseline,0.42,0.3141596013461557,6080.0,2404.0
M1-Interactions,0.42,0.31569499785294153,6107.0,2412.0
M2-Mild,0.42,0.31430440296793394,6166.0,2520.0
M2-Balanced,0.42,0.3140697244774659,6212.0,2588.0
M2-High,0.42,0.3134256069185216,6248.0,2650.0
M3-Mild,0.42,0.3144517011693979,6197.0,2560.0
M3-Balanced,0.42,0.31406972447746595,6233.0,2617.0
M3-High,0.42,0.3128114483158073,6275.0,2699.0
Treat none,0.43,0.0,,
Treat all,0.43,0.1460514884082491,,
Baseline,0.43,0.30833091997297035,6036.0,2356.0
M1-Interactions,0.43,0.31059185757617325,6071.0,2361.0
M2-Mild,0.43,0.3079155679526067,6114.0,2467.0
M2-Balanced,0.43,0.3096912931038863,6177.0,2518.0
M2-High,0.43,0.30835124300760597,6203.0,2577.0
M3-Mild,0.43,0.3092073508416277,6159.0,2503.0
M3-Balanced,0.43,0.30775806443418136,6185.0,2564.0
M3-High,0.43,0.306449769079519,6222.0,2637.0
Treat none,0.44,0.0,,
Treat all,0.44,0.13080240784411068,,
Baseline,0.44,0.3021234123536469,5984.0,2305.0
M1-Interactions,0.44,0.3040420338422076,6016.0,2312.0
M2-Mild,0.44,0.3030542799222209,6077.0,2407.0
M2-Balanced,0.44,0.30357660005792064,6118.0,2450.0
M2-High,0.44,0.3034886847875553,6160.0,2505.0
M3-Mild,0.44,0.30312150924661785,6107.0,2444.0
M3-Balanced,0.44,0.30261987505688637,6148.0,2505.0
M3-High,0.44,0.30163212113689963,6176.0,2558.0
Treat none,0.45,0.0,,
Treat all,0.45,0.11499881525945815,,
Baseline,0.45,0.2972119105915805,5946.0,2250.0
M1-Interactions,0.45,0.29848221572808886,5957.0,2242.0
M2-Mild,0.45,0.2971197641049943,6020.0,2342.0
M2-Balanced,0.45,0.29679066951004396,6058.0,2394.0
M2-High,0.45,0.2969881262670142,6109.0,2453.0
M3-Mild,0.45,0.29729089329436853,6051.0,2377.0
M3-Balanced,0.45,0.29625753626622436,6094.0,2447.0
M3-High,0.45,0.2974554405918437,6140.0,2483.0
Treat none,0.46,0.0,,
Treat all,0.46,0.0986099044309296,,
Baseline,0.46,0.2917564973023994,5897.0,2192.0
M1-Interactions,0.46,0.2932554622389549,5916.0,2190.0
M2-Mild,0.46,0.2932474177044116,5990.0,2277.0
M2-Balanced,0.46,0.29176990485997145,6019.0,2335.0
M2-High,0.46,0.29146957557035746,6060.0,2388.0
M3-Mild,0.46,0.29306239340991724,6013.0,2307.0
M3-Balanced,0.46,0.29258776587186663,6055.0,2364.0
M3-High,0.46,0.29169750404908235,6087.0,2416.0
Treat none,0.47,0.0,,
Treat all,0.47,0.0816025441371736,,
Baseline,0.47,0.28580834822331147,5840.0,2134.0
M1-Interactions,0.47,0.28744214765394055,5867.0,2139.0
M2-Mild,0.47,0.28697359146271495,5943.0,2232.0
M2-Balanced,0.47,0.2867864421968319,5975.0,2271.0
M2-High,0.47,0.28599822959526583,6012.0,2325.0
M3-Mild,0.47,0.28822899420247095,5963.0,2235.0
M3-Balanced,0.47,0.2867427284996913,6001.0,2301.0
M3-High,0.47,0.28690255670486153,6044.0,2347.0
Treat none,0.48,0.0,,
Treat all,0.48,0.06394105460134997,,
Baseline,0.48,0.27988482701775486,5783.0,2077.0
M1-Interactions,0.48,0.2812103187863396,5805.0,2081.0
M2-Mild,0.48,0.2803972019871238,5887.0,2182.0
M2-Balanced,0.48,0.28176724810087106,5929.0,2207.0
M2-High,0.48,0.28030809329679873,5967.0,2270.0
M3-Mild,0.48,0.2824522711577446,5908.0,2174.0
M3-Balanced,0.48,0.28123816525206624,5954.0,2242.0
M3-High,0.48,0.2816837087036913,5998.0,2283.0
Treat none,0.49,0.0,,
Treat all,0.49,0.045586957632749,,
Baseline,0.49,0.27425853051907123,5725.0,2016.0
M1-Interactions,0.49,0.27613527310721564,5749.0,2014.0
M2-Mild,0.49,0.2743422883199037,5828.0,2122.0
M2-Balanced,0.49,0.27581443814131507,5881.0,2156.0
M2-High,0.49,0.2742414950341562,5915.0,2214.0
M3-Mild,0.49,0.27675280943538727,5844.0,2104.0
M3-Balanced,0.49,0.2748803257184716,5895.0,2184.0
M3-High,0.49,0.27493001254947386,5937.0,2227.0
Treat none,0.5,0.0,,
Treat all,0.5,0.026498696785403952,,
Baseline,0.5,0.2690414132638286,5672.0,1956.0
M1-Interactions,0.5,0.27063423110338836,5696.0,1958.0
M2-Mild,0.5,0.26831740515493774,5763.0,2057.0
M2-Balanced,0.5,0.2694758181291631,5824.0,2102.0
M2-High,0.5,0.2673761946133797,5849.0,2156.0
M3-Mild,0.5,0.2701274254271648,5777.0,2046.0
M3-Balanced,0.5,0.27034462785983204,5844.0,2110.0
M3-High,0.5,0.26831740515493774,5868.0,2162.0
